"","Estimate","SE"
"elpd_waic",-883.343234807219,216.967969120725
"p_waic",390.258785812559,123.066242067485
"waic",1766.68646961444,433.935938241451
