"","Estimate","SE"
"elpd_waic",-693.877463044873,159.289997489936
"p_waic",205.723154897181,64.8159222417179
"waic",1387.75492608975,318.579994979872
