"","Estimate","SE"
"elpd_waic",-793.485624956416,189.411133129067
"p_waic",299.435407330083,94.3924522352494
"waic",1586.97124991283,378.822266258135
